UserID,AudioTitle,Age,Gender,Q1,Q2,Q3,Q4,Q5,Q6,Q7,Q8,Q9,Q10,Q11,Q12,Q13,Q14,Q15,Q16,Q17,Q18,Q19,Q20,Q21,Annoyance,Eventfulness,Pleasantness,Chaotic,Vibrant,Uneventful,Calm,Monotonous,TrafficNoise,OtherNoise,HumanSounds,NaturalSounds,SubmittedAt
22,File1,22,male,,,,,,,,,,,,,,,,,,,,,,50,50,50,50,50,50,50,50,0,0,0,0,2026-02-04 12:07:19.205
22,File2,22,male,,,,,,,,,,,,,,,,,,,,,,50,50,50,50,50,50,50,50,0,0,0,0,2026-02-04 12:07:20.705000
22,File2,22,male,,,,,,,,,,,,,,,,,,,,,,50,50,50,50,50,50,50,50,0,0,0,0,2026-02-04 12:07:20.903000
22,File3,22,male,,,,,,,,,,,,,,,,,,,,,,50,50,50,50,50,50,50,50,0,0,0,0,2026-02-04 12:07:21.040000
22,File3,22,male,,,,,,,,,,,,,,,,,,,,,,50,50,50,50,50,50,50,50,0,0,0,0,2026-02-04 12:07:21.148000
22,File3,22,male,,,,,,,,,,,,,,,,,,,,,,50,50,50,50,50,50,50,50,0,0,0,0,2026-02-04 12:07:21.275000
22,File4,22,male,,,,,,,,,,,,,,,,,,,,,,50,50,50,50,50,50,50,50,0,0,0,0,2026-02-04 12:07:21.418000
22,File4,22,male,,,,,,,,,,,,,,,,,,,,,,50,50,50,50,50,50,50,50,0,0,0,0,2026-02-04 12:07:21.514000
22,File4,22,male,,,,,,,,,,,,,,,,,,,,,,50,50,50,50,50,50,50,50,0,0,0,0,2026-02-04 12:07:21.642000
22,File5,22,male,,,,,,,,,,,,,,,,,,,,,,50,50,50,50,50,50,50,50,0,0,0,0,2026-02-04 12:07:21.883000
22,File5,22,male,,,,,,,,,,,,,,,,,,,,,,50,50,50,50,50,50,50,50,0,0,0,0,2026-02-04 12:07:22.075000
22,File6,22,male,,,,,,,,,,,,,,,,,,,,,,50,50,50,50,50,50,50,50,0,0,0,0,2026-02-04 12:07:25.494000
22,File6,22,male,,,,,,,,,,,,,,,,,,,,,,50,50,50,50,50,50,50,50,0,0,0,0,2026-02-04 12:07:25.727000
22,File6,22,male,,,,,,,,,,,,,,,,,,,,,,50,50,50,50,50,50,50,50,0,0,0,0,2026-02-04 12:07:26.270000
22,File7,22,male,,,,,,,,,,,,,,,,,,,,,,50,50,50,50,50,50,50,50,0,0,0,0,2026-02-04 12:07:26.847000
22,File7,22,male,,,,,,,,,,,,,,,,,,,,,,50,50,50,50,50,50,50,50,0,0,0,0,2026-02-04 12:07:27.539000
22,File8,22,male,,,,,,,,,,,,,,,,,,,,,,50,50,50,50,50,50,50,50,0,0,0,0,2026-02-04 12:07:28.086000
22,File8,22,male,,,,,,,,,,,,,,,,,,,,,,50,50,50,50,50,50,50,50,0,0,0,0,2026-02-04 12:07:28.637000
22,File9,22,male,,,,,,,,,,,,,,,,,,,,,,50,50,50,50,50,50,50,50,0,0,0,0,2026-02-04 12:07:30.890000
22,File10,22,male,,,,,,,,,,,,,,,,,,,,,,50,50,50,50,50,50,50,50,0,0,0,0,2026-02-04 12:07:32.283000
mmm,File1,333,male,4.0,,,,,,,,,,,,,,,,,,,,,50,50,50,50,50,50,50,50,1,1,0,0,2026-02-04 12:10:43.788000
mmm,File2,333,male,4.0,,,,,,,,,,,,,,,,,,,,,50,50,50,100,50,50,50,50,0,0,0,0,2026-02-04 12:11:02.813000
mmm,File3,333,male,4.0,,,,,,,,,,,,,,,,,,,,,50,50,50,50,50,50,50,50,0,0,0,0,2026-02-04 12:11:25.182000
